{
    "loss": 0.5176640748977661,
    "accuracy": 0.5251798629760742
}