{
    "loss": 1.455380916595459,
    "accuracy": 0.8992805480957031
}