{
    "loss": 8.08597183227539,
    "accuracy": 0.5323740839958191
}